[{"id":"user-image-qq.jpg","publicUrl":"np://user.desktop.nicepage.com/Site_40249965/images/qq.jpg","size":501378,"hash":"reFBpmqQ2gHr2P0H9N3+I+SvoOU=","fileName":"qq.jpg","name":"qq","width":1888,"height":2418,"thumbnail":{"url":"np://user.desktop.nicepage.com/Site_40249965/images/thumbnails/qq.jpg","width":195,"height":250},"folderId":null,"usages":["149779663"]},{"id":"user-image-ab3.jpg","publicUrl":"np://user.desktop.nicepage.com/Site_40249965/images/ab3.jpg","size":2953942,"hash":"Rr6fJ2ZJPBGsfl6ju+lxB/TZKLU=","fileName":"ab3.jpg","name":"ab3","width":3233,"height":1655,"thumbnail":{"url":"np://user.desktop.nicepage.com/Site_40249965/images/thumbnails/ab3.jpg","width":250,"height":128},"folderId":null,"usages":["149779663"]},{"id":"user-image-WOS_1991-2021.jpg","publicUrl":"np://user.desktop.nicepage.com/Site_40249965/images/WOS_1991-2021.jpg","size":509493,"hash":"SyvZugWTUTU4XO2tfMeA0M3v6Vw=","fileName":"WOS_1991-2021.jpg","name":"WOS_1991-2021","width":1417,"height":820,"thumbnail":{"url":"np://user.desktop.nicepage.com/Site_40249965/images/thumbnails/WOS_1991-2021.jpg","width":250,"height":145},"folderId":null,"usages":["149779663"]},{"id":"user-image-daba.jpg","publicUrl":"np://user.desktop.nicepage.com/Site_40249965/images/daba.jpg","size":1906861,"hash":"gt2kr7s3YKYl8mMnl4q7SUPLs58=","fileName":"daba.jpg","name":"daba","width":2480,"height":2632,"thumbnail":{"url":"np://user.desktop.nicepage.com/Site_40249965/images/thumbnails/daba.jpg","width":236,"height":250},"folderId":null,"usages":["149779663"]},{"id":"user-image-MOGA-CA.jpg","publicUrl":"np://user.desktop.nicepage.com/Site_40249965/images/MOGA-CA.jpg","size":1877427,"hash":"Xmy3GBP0AAxTwCCoLd4+MYqcGdQ=","fileName":"MOGA-CA.jpg","name":"MOGA-CA","width":2481,"height":2277,"thumbnail":{"url":"np://user.desktop.nicepage.com/Site_40249965/images/thumbnails/MOGA-CA.jpg","width":250,"height":229},"folderId":null,"usages":["149779663"]},{"id":"user-image-image1.png","publicUrl":"np://user.desktop.nicepage.com/Site_40249965/images/image1.png","size":134551,"hash":"gQoWD5vle7qBN83as5ojPuITu98=","fileName":"image1.png","name":"image1","width":434,"height":306,"thumbnail":{"url":"np://user.desktop.nicepage.com/Site_40249965/images/thumbnails/image1.png","width":250,"height":176},"folderId":null,"usages":["118748921"]},{"id":"user-image-image.png","publicUrl":"np://user.desktop.nicepage.com/Site_40249965/images/image.png","size":57938,"hash":"OqQvXUlpcRZu+QHV+uI0saqzUAc=","fileName":"image.png","name":"image","width":265,"height":172,"thumbnail":{"url":"np://user.desktop.nicepage.com/Site_40249965/images/thumbnails/image.png","width":250,"height":162},"folderId":null,"usages":["118748921"]},{"id":"user-image-CNN.jpg","publicUrl":"np://user.desktop.nicepage.com/Site_40249965/images/CNN.jpg","size":60282,"hash":"VkHYM1RysIEeZ2vB+Goj6DKZgn0=","fileName":"CNN.jpg","name":"CNN","width":961,"height":304,"thumbnail":{"url":"np://user.desktop.nicepage.com/Site_40249965/images/thumbnails/CNN.jpg","width":250,"height":79},"folderId":null,"usages":["118748921"]},{"id":"user-image-1.jpg","publicUrl":"np://user.desktop.nicepage.com/Site_40249965/images/1.jpg","size":107340,"hash":"MxOxarnITnKuGwmQrOnwUMkT6GA=","fileName":"1.jpg","name":"1","width":652,"height":688,"thumbnail":{"url":"np://user.desktop.nicepage.com/Site_40249965/images/thumbnails/1.jpg","width":237,"height":250},"folderId":null,"usages":["149779663","118748921"]},{"id":"user-image-framework1.jpg","publicUrl":"np://user.desktop.nicepage.com/Site_40249965/images/framework1.jpg","size":298262,"hash":"hL17dgooC6ahRbMqGpDXQJsr91c=","fileName":"framework1.jpg","name":"framework1","width":1625,"height":1092,"thumbnail":{"url":"np://user.desktop.nicepage.com/Site_40249965/images/thumbnails/framework1.jpg","width":250,"height":168},"folderId":null,"usages":["118748921"]},{"id":"user-image-SHAP.jpg","publicUrl":"np://user.desktop.nicepage.com/Site_40249965/images/SHAP.jpg","size":835286,"hash":"8gl13/lfLRoI2N/NtOZ5j/NNTkA=","fileName":"SHAP.jpg","name":"SHAP","width":2356,"height":1488,"thumbnail":{"url":"np://user.desktop.nicepage.com/Site_40249965/images/thumbnails/SHAP.jpg","width":250,"height":158},"folderId":null,"usages":["149779663"]},{"id":"user-image-framework.jpg","publicUrl":"np://user.desktop.nicepage.com/Site_40249965/images/framework.jpg","size":146217,"hash":"hK3SxC6mpV+apeNb3n68Ll/bvoM=","fileName":"framework.jpg","name":"framework","width":1179,"height":1356,"thumbnail":{"url":"np://user.desktop.nicepage.com/Site_40249965/images/thumbnails/framework.jpg","width":217,"height":250},"folderId":null,"usages":["118748921","149779663"]},{"id":"user-image-9614272.png","publicUrl":"np://user.desktop.nicepage.com/Site_40249965/images/9614272.png","size":3079,"hash":"s90Ddzz667g39cYfjLgA7ECfc3A=","fileName":"9614272.png","name":"9614272","width":128,"height":128,"thumbnail":{"url":"np://user.desktop.nicepage.com/Site_40249965/images/thumbnails/9614272.png","width":128,"height":128,"length":3079,"type":"png"},"folderId":null,"usages":["118748921"]},{"id":"user-image-1940611.png","publicUrl":"np://user.desktop.nicepage.com/Site_40249965/images/1940611.png","size":1863,"hash":"SUw9GWntk/wN2gPkP4LC/079qKU=","fileName":"1940611.png","name":"1940611","width":128,"height":128,"thumbnail":{"url":"np://user.desktop.nicepage.com/Site_40249965/images/thumbnails/1940611.png","width":128,"height":128,"length":1863,"type":"png"},"folderId":null,"usages":["118748921"]},{"id":"user-image-4430390.png","publicUrl":"np://user.desktop.nicepage.com/Site_40249965/images/4430390.png","size":1986,"hash":"QeQbGMYAQTgq6x1YYctSL+qG2eI=","fileName":"4430390.png","name":"4430390","width":128,"height":128,"thumbnail":{"url":"np://user.desktop.nicepage.com/Site_40249965/images/thumbnails/4430390.png","width":128,"height":128,"length":1986,"type":"png"},"folderId":null,"usages":["118748921"]},{"id":"user-image-3720937.png","publicUrl":"np://user.desktop.nicepage.com/Site_40249965/images/3720937.png","size":5117,"hash":"sW/iOkVbjpS3NmeJzTTQVvZSbN0=","fileName":"3720937.png","name":"3720937","width":128,"height":128,"thumbnail":{"url":"np://user.desktop.nicepage.com/Site_40249965/images/thumbnails/3720937.png","width":128,"height":128,"length":5117,"type":"png"},"folderId":null,"originalUrl":"//images01.nicepagecdn.com/c461c07a441a5d220e8feb1a/d069a6fca0125e01b87c2b78/3720937.png","usages":["118748921"]},{"id":"user-image-115968.png","publicUrl":"np://user.desktop.nicepage.com/Site_40249965/images/115968.png","size":3110,"hash":"nPK0/X5e7uLZKsZFZLCkQXGXr2A=","fileName":"115968.png","name":"115968","width":128,"height":128,"thumbnail":{"url":"np://user.desktop.nicepage.com/Site_40249965/images/thumbnails/115968.png","width":128,"height":128,"length":3110,"type":"png"},"folderId":null,"originalUrl":"//images01.nicepagecdn.com/c461c07a441a5d220e8feb1a/36c91712b8125ee88a3fc610/115968.png","usages":["118748921"]},{"id":"user-image-photo.jpg","publicUrl":"np://user.desktop.nicepage.com/Site_40249965/images/photo.jpg","size":1164106,"hash":"1Fwk1n68AzZxOSI6v4PObip5UhY=","fileName":"photo.jpg","name":"photo","width":1280,"height":1706,"thumbnail":{"url":"np://user.desktop.nicepage.com/Site_40249965/images/thumbnails/photo.jpg","width":188,"height":250},"folderId":null,"usages":["118748921"]}]