[{"id":42789309,"status":2,"title":"Blog Template","order":1,"templateKey":"blog","customTemplate":false,"customTemplateFilename":null,"pageLinks":[],"dateCreated":"2023-07-29T12:48:42.476Z","dateUpdated":"2023-07-29T12:48:44.023Z","folderId":null,"pageName":"Blog Template"},{"id":27754351,"status":2,"title":"Post Template","order":2,"templateKey":"post","customTemplate":false,"customTemplateFilename":null,"pageLinks":[],"dateCreated":"2023-07-29T12:48:42.685Z","dateUpdated":"2023-07-29T12:48:44.097Z","folderId":null,"pageName":"Post Template"},{"id":2103715696,"status":2,"title":"Product List Template","order":3,"templateKey":"products","customTemplate":false,"customTemplateFilename":null,"pageLinks":[],"dateCreated":"2023-07-29T12:48:42.852Z","dateUpdated":"2023-07-29T12:48:44.221Z","folderId":null,"pageName":"Product List Template"},{"id":5869256,"status":2,"title":"Product Details Template","order":4,"templateKey":"product","customTemplate":false,"customTemplateFilename":null,"pageLinks":[],"dateCreated":"2023-07-29T12:48:43.021Z","dateUpdated":"2023-07-29T12:48:44.229Z","folderId":null,"pageName":"Product Details Template"},{"id":624301270,"status":2,"title":"Shopping Cart Template","order":5,"templateKey":"cart","customTemplate":false,"customTemplateFilename":null,"pageLinks":[],"dateCreated":"2023-07-29T12:48:43.179Z","dateUpdated":"2023-07-29T12:48:44.239Z","folderId":null,"pageName":"Shopping Cart Template"},{"id":813702421,"status":2,"title":"Checkout Template","order":6,"templateKey":"checkout","customTemplate":false,"customTemplateFilename":null,"pageLinks":[],"dateCreated":"2023-07-29T12:48:43.382Z","dateUpdated":"2023-07-29T12:48:44.249Z","folderId":null,"pageName":"Checkout Template"},{"id":66299396,"status":2,"title":"Login Template","order":7,"templateKey":"login","customTemplate":false,"customTemplateFilename":null,"pageLinks":[],"dateCreated":"2023-07-29T12:48:43.487Z","dateUpdated":"2023-07-29T12:48:44.259Z","folderId":null,"pageName":"Login Template"},{"id":3053103541,"status":2,"title":"Page Password Template","order":8,"templateKey":"password","customTemplate":false,"customTemplateFilename":null,"pageLinks":[],"dateCreated":"2023-07-29T12:48:43.567Z","dateUpdated":"2023-07-29T12:48:44.269Z","folderId":null,"pageName":"Page Password Template"},{"id":29387764,"status":2,"title":"404 Not Found Template","order":9,"templateKey":"404","customTemplate":false,"customTemplateFilename":null,"pageLinks":[],"dateCreated":"2023-07-29T12:48:43.651Z","dateUpdated":"2023-07-29T12:48:44.279Z","folderId":null,"pageName":"404 Not Found Template"},{"id":118748921,"status":2,"title":"Home","order":50,"templateKey":null,"customTemplate":false,"customTemplateFilename":null,"pageLinks":["2683422757"],"dateCreated":"2023-07-29T12:48:44.803Z","dateUpdated":"2023-07-30T10:03:11.860Z","folderId":453522657,"pageName":"Home_118748921"},{"id":558313403,"status":2,"title":"Contact","order":101,"templateKey":null,"customTemplate":false,"customTemplateFilename":null,"pageLinks":[],"dateCreated":"2023-07-29T12:48:43.781Z","dateUpdated":"2023-07-30T08:45:58.943Z","folderId":453522657,"pageName":"Contact_558313403"},{"id":149779663,"status":2,"title":"Reseach Experiences","order":102,"templateKey":null,"customTemplate":false,"customTemplateFilename":null,"pageLinks":[],"dateCreated":"2023-07-29T12:49:33.162Z","dateUpdated":"2023-07-30T09:26:22.743Z","folderId":453522657,"pageName":"Reseach Experiences_149779663"},{"id":2683422757,"status":2,"title":"Publications","order":103,"templateKey":null,"customTemplate":false,"customTemplateFilename":null,"pageLinks":["149779663"],"dateCreated":"2023-07-29T12:53:38.060Z","dateUpdated":"2023-07-30T09:05:52.128Z","folderId":453522657,"pageName":"Publications_2683422757"},{"id":453522657,"isFolder":true,"title":"Academic","status":2,"order":null,"dateCreated":null,"dateUpdated":null,"folderId":null}]